8.7531,7.967,5.8635,10.538,4.7251,9.2169,6.759,7.0972,6.8992,10.798,8.0379,9.5254,1.9718,9.8234,4.0456,7.9795,9.7544,8.15,5.5811,7.245,9.2134,8.6338,3.9435,5.2134,10.414,7.6649,7.3452,7.4224,6.7282,5.8822,6.088,4.5701,8.5773,7.8799,8.3169,6.8461,6.7452,7.7628,4.2543,8.917,3.0214,8.741,8.3516,7.6528,7.807,9.7564,6.3001,6.4133,8.7216,11.162,9.9262,7.6532,11.242,9.4823,7.7599,8.6382,9.4336,8.8034,3.3198,11.595,5.8919,7.4444,9.0125,4.46,8.4281,6.4103,9.3165,9.3166,7.005,8.7256,7.7277,10.884,7.2159,7.7357,4.4071,9.7436,5.1636,9.7592,7.8234,4.1002,8.8348,7.1133,5.4647,7.3214,6.7835,10.011,7.3673,7.3657,9.6905,3.8208,9.0355,5.4713,6.3911,8.0709,9.164,7.2162,10.756,6.3444,4.6872,6.0475,9.4562,8.7068,7.8486,7.7617,5.0414,9.3669,3.7633,7.1386,7.6171,8.9471,8.2536,6.4796,7.519,4.5869,7.2449,8.4589,8.6091
0.47345,0.54515,0.3784,0.60455,0.28084,0.049107,0.039454,0.72002,0.30028,0.048526,0.24474,0.6018,0.77942,0.064136,0.3219,0.87714,0.85005,0.61949,0.20806,0.48424,0.7931,0.69004,0.46029,0.79573,0.71147,0.056098,0.24379,0.64654,0.57402,0.79143,0.28409,0.80433,0.070319,0.89179,0.57837,0.05042,0.70646,0.98298,0.32711,0.58605,0.92173,0.31193,0.90175,0.4173,0.6358,0.69803,0.24144,0.6067,0.83722,0.3899,0.93793,0.97837,0.88622,0.99701,0.93522,0.19906,0.18236,0.040703,0.38799,0.73399,0.84548,0.27816,0.46897,0.63725,0.93012,0.30417,0.98807,0.45556,0.95115,0.4969,0.67813,0.36175,0.97626,0.854,0.74253,0.49173,0.33287,0.76884,0.77623,0.76868,0.77415,0.95682,0.83132,0.93129,0.066111,0.53634,0.24469,0.5721,0.52223,0.86676,0.090093,0.36004,0.19751,0.82812,0.31931,0.70255,0.88457,0.6854,0.41627,0.70283,0.77329,0.55429,0.69052,0.51155,0.26791,0.46256,0.052926,0.65927,0.90299,0.46073,0.71581,0.48114,0.54983,0.33245,0.5145,0.74528,0.014972
0.83186,0.47067,0.074683,0.87868,0.071835,0.11343,0.26979,0.84738,0.30675,0.036713,0.10018,0.72819,0.46371,0.30036,0.81925,0.8617,0.31563,0.55467,0.9753,0.049236,0.46515,0.32799,0.22033,0.51597,0.77076,0.88463,0.95193,0.7975,0.53868,0.1969,0.48826,0.21129,0.35428,0.40247,0.27056,0.32749,0.46971,0.76529,0.68207,0.59578,0.2754,0.45969,0.78538,0.69801,0.36613,0.6144,0.86733,0.2222,0.75436,0.51287,0.34234,0.29609,0.13995,0.8542,0.8681,0.20972,0.75738,0.31886,0.50378,0.46597,0.22029,0.10089,0.086017,0.48066,0.19314,0.69344,0.48898,0.2471,0.89846,0.18805,0.94433,0.63348,0.92516,0.18303,0.27495,0.034718,0.47491,0.03848,0.74975,0.28192,0.58056,0.63483,0.84868,0.8581,0.25109,0.44454,0.85921,0.13705,0.11897,0.99481,0.0052611,0.77205,0.54054,0.88779,0.29221,0.18446,0.14495,0.48161,0.70789,0.91228,0.058975,0.2046,0.23443,0.94685,0.14855,0.78318,0.15052,0.48068,0.2388,0.051021,0.2336,0.34572,0.61257,0.22248,0.56869,0.024952,0.80861
0.40887,0.050491,0.061992,0.63912,0.35813,0.21427,0.020615,0.12461,0.58141,0.74753,0.42647,0.53975,0.68935,0.34447,0.54633,0.5219,0.054146,0.069787,0.50438,0.39068,0.50002,0.48126,0.71823,0.39992,0.12186,0.081735,0.61209,0.60442,0.78724,0.30375,0.046009,0.76792,0.59397,0.13099,0.80783,0.093878,0.93878,0.45342,0.25494,0.6724,0.75181,0.73211,0.99481,0.085533,0.10052,0.43084,0.13972,0.99949,0.41688,0.60925,0.079835,0.034408,0.90196,0.71106,0.60769,0.15015,0.88869,0.37625,0.79054,0.99847,0.20657,0.26626,0.99252,0.13007,0.14667,0.97006,0.74058,0.034373,0.42207,0.89403,0.10094,0.35536,0.16015,0.50342,0.92388,0.4369,0.63493,0.22015,0.68312,0.99295,0.63872,0.58776,0.29038,0.6007,0.81757,0.89264,0.30495,0.65937,0.88738,0.26193,0.28014,0.90728,0.49904,0.084859,0.58113,0.50648,0.73676,0.68194,0.84926,0.24677,0.074448,0.7626,0.58394,0.95894,0.14821,0.33681,0.41345,0.619,0.50124,0.31731,0.7473,0.2835,0.58344,0.99583,0.086765,0.67254,0.2321
0.48034,0.4681,0.74585,0.91734,0.96933,0.7926,0.22543,0.97383,0.72018,0.35566,0.56548,0.73739,0.92949,0.14274,0.39732,0.73883,0.61548,0.82646,0.50713,0.32554,0.028867,0.65978,0.37469,0.55529,0.53567,0.28532,0.72111,0.013977,0.50865,0.23472,0.62319,0.11172,0.35389,0.23617,0.62918,0.4351,0.75863,0.23794,0.81014,0.87689,0.66327,0.84293,0.9343,0.11267,0.21653,0.32892,0.74939,0.97249,0.20107,0.65892,0.85295,0.32427,0.024753,0.41286,0.070363,0.91278,0.41603,0.80331,0.3962,0.93476,0.96058,0.38097,0.9101,0.52834,0.15779,0.22356,0.51697,0.18813,0.17001,0.21478,0.69977,0.14041,0.69639,0.63038,0.7581,0.46726,0.38893,0.43895,0.10803,0.97845,0.83872,0.54524,0.89052,0.55227,0.98641,0.96216,0.05691,0.1617,0.94821,0.73943,0.37106,0.2964,0.56516,0.64471,0.24289,0.69553,0.54857,0.26498,0.20044,0.41176,0.31738,0.36722,0.26235,0.46506,0.13341,0.77103,0.12597,0.5107,0.43878,0.35204,0.42276,0.40432,0.82902,0.82216,0.31274,0.39858,0.689
0.40971,0.25874,0.77699,0.29389,0.44759,0.23535,0.84733,0.20942,0.043273,0.26718,0.44056,0.9806,0.41626,0.71138,0.25874,0.62208,0.57414,0.066379,0.85332,0.64897,0.78674,0.50707,0.37287,0.03315,0.78086,0.85805,0.84935,0.41737,0.97728,0.8554,0.90885,0.48057,0.65068,0.63916,0.68624,0.92737,0.4918,0.83965,0.66212,0.065309,0.47735,0.15518,0.55411,0.84616,0.97272,0.8053,0.85163,0.76181,0.36464,0.31956,0.7918,0.36643,0.51439,0.013832,0.62427,0.18613,0.83973,0.95688,0.97426,0.50929,0.75326,0.15901,0.037445,0.41846,0.55264,0.93609,0.06843,0.67927,0.17624,0.26107,0.38932,0.79448,0.29156,0.087468,0.80476,0.98576,0.10192,0.14954,0.81515,0.88379,0.56436,0.14545,0.54387,0.50991,0.13895,0.27628,0.046409,0.73134,0.081069,0.20956,0.48346,0.7962,0.080732,0.70577,0.81795,0.89141,0.35881,0.55507,0.84781,0.42194,0.25357,0.54629,0.45761,0.50507,0.088478,0.41837,0.45417,0.015017,0.98193,0.49029,0.63056,0.92452,0.52084,0.37731,0.67897,0.43031,0.14287
0.88587,0.96833,0.20955,0.66757,0.64988,0.92238,0.57132,0.048175,0.23422,0.88074,0.42226,0.27659,0.7529,0.11169,0.59301,0.59743,0.18141,0.42956,0.04221,0.38085,0.44828,0.26456,0.15443,0.44974,0.36866,0.049981,0.021827,0.96745,0.64757,0.91483,0.7292,0.54445,0.54535,0.00064249,0.92952,0.74599,0.058787,0.66127,0.6136,0.20856,0.33834,0.62595,0.2582,0.38393,0.63705,0.87253,0.71307,0.24975,0.337,0.49971,0.57764,0.5856,0.4936,0.55779,0.12131,0.56655,0.516,0.78008,0.34925,0.50786,0.46575,0.20522,0.17384,0.96056,0.92617,0.090595,0.25372,0.53475,0.54663,0.19374,0.078243,0.1487,0.98675,0.86635,0.3333,0.97629,0.71139,0.28148,0.6399,0.88004,0.84179,0.42502,0.87984,0.015457,0.67427,0.74778,0.16287,0.58511,0.021036,0.55045,0.73002,0.4898,0.032318,0.90044,0.86747,0.009021,0.26687,0.58925,0.46091,0.17609,0.039089,0.1126,0.62087,0.83713,0.72114,0.87289,0.4316,0.94524,0.65365,0.58995,0.37109,0.15967,0.66232,0.46246,0.52736,0.78657,0.80921
0.89594,0.74784,0.038794,0.6153,0.34872,0.39513,0.15625,0.88218,0.50713,0.7387,0.78054,0.70151,0.022543,0.90923,0.0069977,0.63384,0.1729,0.83835,0.27194,0.68734,0.71761,0.5292,0.16214,0.72018,0.2803,0.81119,0.079879,0.3366,0.63556,0.2948,0.75049,0.47599,0.22341,0.0073108,0.20927,0.47141,0.96384,0.18447,0.55618,0.45825,0.032647,0.60485,0.50283,0.27141,0.27603,0.78902,0.11737,0.57562,0.95485,0.92851,0.1591,0.17035,0.87139,0.83852,0.44558,0.51608,0.28637,0.6031,0.34956,0.77983,0.30783,0.11922,0.65292,0.19294,0.15542,0.33093,0.60825,0.83137,0.87361,0.73,0.82684,0.27884,0.19539,0.82319,0.073881,0.24866,0.23479,0.49743,0.73229,0.66927,0.5481,0.64494,0.37404,0.23605,0.382,0.21057,0.94632,0.014334,0.67371,0.11393,0.56921,0.088787,0.59424,0.79557,0.9647,0.38048,0.87424,0.95457,0.086345,0.1157,0.80322,0.47624,0.60116,0.18648,0.86128,0.80028,0.28587,0.40216,0.46726,0.87923,0.66321,0.13499,0.72591,0.019475,0.15332,0.91183,0.28708
0.21364,0.066467,0.63535,0.39417,0.5284,0.52497,0.20101,0.084227,0.23984,0.94531,0.93495,0.58099,0.85121,0.87377,0.86097,0.36566,0.87687,0.34094,0.66723,0.31862,0.092669,0.63213,0.38798,0.8944,0.046056,0.29337,0.81734,0.45265,0.86351,0.4385,0.91377,0.12565,0.23838,0.99865,0.42104,0.2338,0.49206,0.49005,0.40987,0.19798,0.58733,0.89896,0.46458,0.48492,0.26169,0.92555,0.33966,0.60507,0.063249,0.14586,0.73162,0.061083,0.33208,0.095729,0.70885,0.89859,0.86255,0.79524,0.79347,0.25221,0.82797,0.005868,0.055599,0.87227,0.17592,0.018565,0.017137,0.27525,0.18897,0.65569,0.7029,0.28787,0.38113,0.055019,0.32209,0.60518,0.94177,0.62406,0.034464,0.68031,0.54384,0.10102,0.73164,0.093651,0.21574,0.5062,0.49958,0.374,0.98074,0.99409,0.64283,0.43781,0.70485,0.41002,0.72466,0.31078,0.71476,0.85997,0.96402,0.84122,0.11988,0.15405,0.30688,0.25993,0.5639,0.62555,0.30381,0.38445,0.8626,0.32951,0.51544,0.26083,0.096768,0.31564,0.46331,0.97202,0.053217
0.52178,0.43028,0.58298,0.16364,0.4498,0.38818,0.66633,0.10834,0.42387,0.41648,0.36662,0.98119,0.11956,0.97256,0.56372,0.60212,0.65031,0.1904,0.9565,0.10878,0.96315,0.71795,0.22497,0.48367,0.63199,0.47337,0.6582,0.11649,0.071424,0.49819,0.31514,0.076224,0.31961,0.74004,0.43507,0.4307,0.49973,0.62875,0.50984,0.66049,0.054745,0.78081,0.16041,0.75939,0.50631,0.83724,0.65735,0.341,0.83246,0.77398,0.63441,0.12602,0.88326,0.085872,0.166,0.90313,0.21632,0.49248,0.07696,0.91527,0.47887,0.061927,0.64375,0.73717,0.88049,0.8985,0.89727,0.97487,0.026918,0.80349,0.60443,0.74899,0.81167,0.85162,0.0029306,0.80059,0.26715,0.77559,0.053094,0.082704,0.92072,0.40698,0.54055,0.80203,0.62577,0.48522,0.83236,0.78975,0.85504,0.80521,0.35628,0.5685,0.52607,0.17787,0.71342,0.79506,0.25147,0.44256,0.19997,0.70963,0.82376,0.89241,0.61865,0.59461,0.4279,0.61996,0.31003,0.59977,0.48054,0.61026,0.66192,0.91474,0.027977,0.046577,0.21835,0.54272,0.76778
0.7021,0.71002,0.94978,0.53609,0.68068,0.71875,0.30678,0.22277,0.99568,0.09818,0.37202,0.32443,0.13588,0.54003,0.47594,0.3806,0.51915,0.85301,0.9775,0.88054,0.24276,0.18703,0.83655,0.3622,0.73268,0.10191,0.62504,0.04234,0.21737,0.55019,0.78613,0.83207,0.60432,0.85114,0.18549,0.60632,0.57994,0.045084,0.10124,0.39003,0.23199,0.0066743,0.89529,0.36933,0.56854,0.44428,0.12835,0.19248,0.45314,0.59754,0.78898,0.6909,0.16752,0.76321,0.83179,0.92299,0.90404,0.51429,0.23959,0.089185,0.91093,0.25652,0.36126,0.57365,0.11116,0.24024,0.56084,0.53633,0.38341,0.45184,0.063425,0.11854,0.33417,0.86185,0.88804,0.24588,0.93489,0.19452,0.90576,0.61859,0.068507,0.8052,0.75382,0.22963,0.33143,0.53951,0.45589,0.39646,0.24876,0.49294,0.73999,0.57051,0.93777,0.59147,0.41993,0.12252,0.45089,0.76873,0.31918,0.099026,0.68839,0.51012,0.50094,0.47371,0.79865,0.48332,0.22084,0.5938,0.99519,0.78695,0.82041,0.57912,0.50135,0.81617,0.42326,0.92614,0.68794
0.82462,0.56986,0.82237,0.9247,0.9915,0.92486,0.33377,0.84258,0.94899,0.40438,0.75832,0.95435,0.32631,0.63855,0.31431,0.17932,0.68908,0.064275,0.62076,0.93747,0.54954,0.088668,0.84404,0.73229,0.04612,0.70544,0.28255,0.99754,0.94174,0.74604,0.3714,0.73073,0.58706,0.3013,0.73609,0.42589,0.31956,0.56608,0.93788,0.56311,0.48946,0.80848,0.2397,0.55543,0.72365,0.38328,0.32328,0.92383,0.15161,0.35907,0.64209,0.42313,0.2048,0.6082,0.801,0.080713,0.09246,0.28402,0.29602,0.55873,0.91609,0.26116,0.40175,0.78324,0.52724,0.18753,0.91499,0.041635,0.034805,0.52567,0.59471,0.97884,0.37458,0.6002,0.3596,0.45051,0.57683,0.86399,0.45845,0.14769,0.1336,0.68724,0.05366,0.76987,0.67316,0.15486,0.77637,0.44602,0.33491,0.58016,0.16489,0.97664,0.97395,0.48635,0.83762,0.14292,0.036012,0.54919,0.73858,0.48796,0.39584,0.80848,0.55177,0.83071,0.68021,0.39562,0.25587,0.02068,0.71654,0.88111,0.74379,0.044497,0.39705,0.3192,0.29566,0.40261,0.48652
0.15245,0.16401,0.63288,0.76191,0.9655,0.66849,0.32854,0.26503,0.71706,0.10787,0.081545,0.045005,0.88247,0.99297,0.048584,0.32245,0.65571,0.35488,0.76639,0.83617,0.1293,0.80502,0.82668,0.61896,0.093071,0.21651,0.89785,0.5762,0.68075,0.40646,0.53572,0.48032,0.45617,0.15891,0.26032,0.25491,0.31638,0.12792,0.8052,0.53878,0.80363,0.087007,0.68474,0.10437,0.24877,0.1979,0.65617,0.30002,0.71035,0.45968,0.82664,0.72389,0.1371,0.021817,0.626,0.80334,0.90722,0.45123,0.98919,0.27789,0.9552,0.012421,0.47423,0.83032,0.42447,0.42351,0.021637,0.18921,0.25633,0.74626,0.39248,0.46919,0.48179,0.494,0.14868,0.36005,0.82038,0.015921,0.34938,0.91591,0.24272,0.83286,0.057312,0.65355,0.035207,0.90008,0.20818,0.35136,0.5291,0.96102,0.89961,0.17492,0.89306,0.56373,0.0095609,0.89846,0.20181,0.21487,0.029747,0.99734,0.61622,0.94409,0.51492,0.055426,0.21316,0.49788,0.52922,0.57462,0.3304,0.31624,0.73339,0.24389,0.48705,0.55826,0.12127,0.13473,0.89776
0.50511,0.7747,0.98373,0.78433,0.30863,0.48381,0.30433,0.0027001,0.47225,0.46905,0.814,0.061503,0.51109,0.54235,0.77362,0.23826,0.71788,0.54145,0.30585,0.93364,0.0072215,0.28701,0.76157,0.92645,0.6209,0.1109,0.55947,0.41747,0.33094,0.23552,0.49775,0.066909,0.26664,0.54794,0.90691,0.5104,0.22625,0.036281,0.050687,0.61778,0.12103,0.95795,0.56034,0.98188,0.96152,0.50927,0.45851,0.94167,0.76757,0.60959,0.039192,0.6419,0.47828,0.3706,0.92033,0.019643,0.58829,0.87667,0.45564,0.65482,0.88638,0.61773,0.51791,0.63893,0.15632,0.91975,0.76142,0.7127,0.61547,0.16652,0.96815,0.352,0.0096006,0.58842,0.39812,0.85254,0.64588,0.055217,0.26231,0.80425,0.91422,0.019887,0.30488,0.37154,0.91296,0.25368,0.13859,0.92059,0.46099,0.75428,0.22466,0.18057,0.52787,0.27622,0.52869,0.67732,0.55099,0.60576,0.67928,0.19824,0.73387,0.55705,0.60753,0.38469,0.36413,0.98065,0.39535,0.089974,0.66571,0.075511,0.67495,0.73363,0.46761,0.51849,0.63913,0.034444,0.30227
0.52502,0.057715,0.44951,0.77307,0.19626,0.78959,0.24188,0.79307,0.79729,0.70729,0.79028,0.11698,0.59098,0.46267,0.035828,0.99957,0.78342,0.20903,0.40251,0.98247,0.94213,0.5865,0.80459,0.3624,0.46804,0.016731,0.98144,0.79965,0.42651,0.67692,0.37879,0.55275,0.2699,0.42889,0.42385,0.85305,0.14669,0.4362,0.043943,0.17785,0.6296,0.010983,0.87778,0.75171,0.1794,0.053642,0.55384,0.23736,0.96952,0.43858,0.77578,0.62319,0.89041,0.041175,0.89756,0.90287,0.30883,0.23564,0.64509,0.38079,0.15326,0.36667,0.96485,0.522,0.39062,0.83874,0.76503,0.68066,0.98055,0.13796,0.55508,0.086215,0.61747,0.083556,0.14796,0.89546,0.19368,0.10571,0.13727,0.0049184,0.46551,0.21395,0.48399,0.90105,0.74502,0.93928,0.36728,0.7121,0.61859,0.31827,0.81554,0.15649,0.4807,0.86395,0.85026,0.36174,0.038417,0.12061,0.85174,0.58307,0.71245,0.79853,0.0555,0.106,0.83299,0.067113,0.82216,0.31936,0.17276,0.25961,0.023342,0.50164,0.42265,0.96476,0.70081,0.31671,0.6143
0.43763,0.0052748,0.94862,0.33249,0.85025,0.0078751,0.22802,0.051048,0.033927,0.99336,0.22204,0.33035,0.97259,0.02061,0.48883,0.75246,0.66361,0.99425,0.53453,0.30591,0.51983,0.068877,0.87924,0.8426,0.43849,0.23356,0.46291,0.35954,0.57516,0.73561,0.84933,0.49208,0.99295,0.14955,0.19974,0.88176,0.53506,0.59492,0.41414,0.32789,0.5532,0.22728,0.33798,0.064397,0.68439,0.72324,0.23083,0.2574,0.97425,0.023023,0.83071,0.13719,0.13696,0.1893,0.86859,0.85555,0.50553,0.50219,0.95635,0.43936,0.37785,0.40208,0.13403,0.59541,0.26629,0.7513,0.28842,0.78421,0.17907,0.88105,0.48097,0.0098182,0.85206,0.33544,0.06169,0.64038,0.24198,0.73217,0.77444,0.74353,0.49888,0.49851,0.046859,0.81627,0.35862,0.17828,0.62145,0.60028,0.67747,0.10693,0.61277,0.30493,0.22156,0.60362,0.59996,0.79018,0.8728,0.61385,0.19234,0.40618,0.18371,0.8897,0.30071,0.94886,0.90767,0.12684,0.97987,0.10918,0.50417,0.12328,0.88524,0.73366,0.87317,0.47282,0.18906,0.47745,0.93074
0.60873,0.88985,0.478,0.068905,0.54761,0.90665,0.22703,0.61019,0.55535,0.7641,0.52312,0.69004,0.53775,0.057305,0.47877,0.72702,0.089961,0.28632,0.93343,0.84847,0.1732,0.5399,0.12867,0.51871,0.87491,0.49606,0.79133,0.57114,0.45844,0.075183,0.26019,0.99666,0.64587,0.31866,0.37885,0.6764,0.72804,0.86596,0.5254,0.02412,0.88263,0.54238,0.085317,0.98691,0.74956,0.26635,0.33082,0.25027,0.0068188,0.54698,0.35789,0.35071,0.98705,0.0067294,0.053685,0.18034,0.94158,0.58042,0.66053,0.046768,0.97757,0.30354,0.78885,0.31364,0.26038,0.38444,0.50741,0.019793,0.96623,0.64968,0.55954,0.50348,0.40381,0.89533,0.0015842,0.89203,0.17028,0.72921,0.81089,0.0040183,0.03798,0.51722,0.11268,0.50597,0.90145,0.011519,0.74439,0.86322,0.20798,0.19713,0.38683,0.32219,0.34244,0.63086,0.63122,0.23417,0.53072,0.039177,0.038861,0.23543,0.099242,0.41124,0.82258,0.76292,0.67345,0.75881,0.32455,0.91026,0.10191,0.9842,0.5239,0.042395,0.7404,0.082447,0.64388,0.26636,0.86099
0.53634,0.079305,0.46154,0.91364,0.87836,0.1447,0.49609,0.1023,0.8645,0.38522,0.31826,0.50246,0.46866,0.72015,0.50748,0.18423,0.37746,0.87498,0.20365,0.61398,0.46096,0.89801,0.8962,0.87223,0.32765,0.70424,0.33916,0.94674,0.030932,0.81366,0.15255,0.39371,0.48018,0.78318,0.54358,0.66452,0.55832,0.5205,0.63237,0.94443,0.99031,0.64729,0.73244,0.42381,0.17008,0.62139,0.88005,0.16708,0.75111,0.80274,0.15271,0.90685,0.75894,0.84257,0.96042,0.40665,0.92582,0.30361,0.68625,0.53281,0.99067,0.18388,0.3377,0.85829,0.18634,0.43941,0.52871,0.43753,0.68814,0.99046,0.010954,0.45137,0.44731,0.046607,0.59431,0.2863,0.81812,0.76617,0.20363,0.85957,0.88079,0.81327,0.93034,0.26319,0.37842,0.16084,0.046877,0.74232,0.51686,0.50646,0.40914,0.84042,0.65034,0.15633,0.34964,0.37671,0.98865,0.72471,0.18963,0.40879,0.80633,0.10115,0.39165,0.52533,0.98782,0.81706,0.27408,0.59769,0.52859,0.66054,0.31036,0.4015,0.88769,0.28446,0.44081,0.54322,0.025666
0.048638,0.35175,0.050292,0.04989,0.98509,0.75838,0.68387,0.24657,0.40642,0.19056,0.54256,0.91705,0.43461,0.5132,0.52018,0.87443,0.67357,0.36952,0.61858,0.49832,0.37856,0.41136,0.39293,0.47927,0.57703,0.2583,0.21319,0.57357,0.13359,0.53487,0.50501,0.70038,0.62861,0.75366,0.79295,0.95501,0.1091,0.99881,0.27555,0.67697,0.034533,0.1922,0.0049427,0.029045,0.91109,0.48569,0.78156,0.061032,0.19125,0.55607,0.029161,0.072803,0.95948,0.9733,0.4919,0.059002,0.64584,0.13278,0.46165,0.7275,0.2321,0.93176,0.46914,0.24748,0.40987,0.72931,0.99492,0.81827,0.32173,0.32964,0.3137,0.94712,0.14721,0.26283,0.12014,0.52534,0.8264,0.71611,0.88957,0.39366,0.41797,0.86319,0.63331,0.50983,0.058095,0.037758,0.93514,0.49706,0.96189,0.026947,0.97492,0.26323,0.22565,0.27424,0.24264,0.8013,0.50073,0.33372,0.50999,0.97114,0.53515,0.34666,0.30461,0.75017,0.46753,0.20216,0.61979,0.84455,0.11365,0.73858,0.15978,0.34688,0.55608,0.16974,0.10603,0.45205,0.26797
0.57704,0.78233,0.078848,0.2549,0.034829,0.0047165,0.87485,0.39835,0.72844,0.41506,0.69347,0.22132,0.21792,0.54955,0.30062,0.7253,0.23155,0.39005,0.71348,0.87984,0.57121,0.3982,0.22564,0.35669,0.40782,0.21312,0.5732,0.069654,0.50605,0.19694,0.80278,0.35705,0.84891,0.44848,0.69482,0.458,0.88853,0.057815,0.60521,0.3053,0.42007,0.6269,0.33948,0.096668,0.24648,0.35359,0.41637,0.84865,0.32219,0.39854,0.09762,0.28127,0.033078,0.39718,0.28501,0.094309,0.0866,0.37838,0.63581,0.54668,0.21682,0.012876,0.52783,0.59277,0.76292,0.2624,0.74905,0.41261,0.12776,0.74547,0.25383,0.064982,0.68906,0.69884,0.022605,0.088144,0.5725,0.038105,0.35037,0.021553,0.23364,0.086968,0.5607,0.33499,0.26718,0.18373,0.72657,0.38076,0.84188,0.74588,0.29838,0.93512,0.59477,0.93657,0.86379,0.0049498,0.051461,0.77151,0.71444,0.80831,0.1395,0.73983,0.47341,0.461,0.65477,0.982,0.096531,0.4987,0.26746,0.22114,0.12709,0.30417,0.56874,0.59286,0.73233,0.79578,0.72586
0.070815,0.077026,0.75759,0.30366,0.37886,0.16356,0.19997,0.81073,0.012055,0.63684,0.047892,0.11897,0.683,0.0072355,0.45894,0.39925,0.14092,0.22184,0.047227,0.8047,0.10436,0.76286,0.49288,0.059235,0.55638,0.61388,0.035082,0.15519,0.49809,0.16062,0.027642,0.99585,0.24326,0.57712,0.5413,0.81987,0.19079,0.64923,0.82459,0.29776,0.37772,0.53774,0.43988,0.32973,0.55831,0.54772,0.35249,0.31967,0.5872,0.70756,0.30557,0.9665,0.49247,0.67323,0.43589,0.53561,0.94236,0.20769,0.058481,0.12107,0.6265,0.16351,0.86648,0.29308,0.69411,0.51561,0.87022,0.53069,0.72666,0.9572,0.83455,0.038343,0.95497,0.32139,0.58437,0.85211,0.40432,0.73461,0.076665,0.25016,0.46998,0.7212,0.16711,0.097198,0.96183,0.3238,0.96956,0.87043,0.22304,0.018959,0.0059229,0.98413,0.45339,0.54806,0.22185,0.27485,0.76832,0.94359,0.57874,0.65229,0.25843,0.42637,0.41936,0.0082146,0.81355,0.72072,0.70448,0.61673,0.89568,0.53062,0.3956,0.75165,0.35432,0.13548,0.17108,0.71497,0.1056
0.55252,0.48241,0.64738,0.054976,0.4968,0.02955,0.38963,0.71314,0.26593,0.080141,0.95804,0.51782,0.92565,0.60824,0.44531,0.32663,0.85334,0.26374,0.5904,0.80569,0.33864,0.8112,0.51774,0.12075,0.65091,0.33839,0.35129,0.76412,0.38973,0.35492,0.43197,0.23455,0.13881,0.94061,0.46476,0.50377,0.80144,0.74992,0.80998,0.07162,0.37986,0.94889,0.17414,0.67088,0.098163,0.80387,0.90452,0.13767,0.23393,0.67153,0.97062,0.52941,0.22062,0.71738,0.75732,0.71511,0.30639,0.58592,0.88297,0.94835,0.15568,0.11983,0.75941,0.28512,0.21274,0.043055,0.79248,0.6904,0.97132,0.77147,0.83004,0.27864,0.81914,0.59408,0.44828,0.76261,0.075565,0.13402,0.024804,0.61399,0.61621,0.87994,0.57689,0.013469,0.42166,0.52543,0.51906,0.75586,0.11102,0.65555,0.36107,0.41918,0.71374,0.97166,0.69849,0.90343,0.2583,0.75816,0.34565,0.2193,0.83681,0.79327,0.3609,0.56818,0.5882,3.5706e-05,0.049287,0.45594,0.75272,0.27691,0.062646,0.87847,0.83329,0.35724,0.19994,0.19562,0.30445
0.54751,0.36723,0.58639,0.8298,0.82223,0.32549,0.54751,0.758,0.7326,0.038868,0.96686,0.57082,0.2722,0.9269,0.67454,0.35467,0.72931,0.85876,0.60851,0.077318,0.19637,0.53427,0.24903,0.81721,0.58933,0.99573,0.69586,0.044737,0.97188,0.92601,0.2347,0.09427,0.28651,0.26939,0.53118,0.96984,0.56644,0.97631,0.62869,0.75277,0.58014,0.2198,0.4491,0.89535,0.13343,0.71745,0.74327,0.083812,0.49595,0.64965,0.86152,0.61821,0.27193,0.90051,0.11484,0.20988,0.3437,0.26417,0.39635,0.75197,0.36682,0.17929,0.75803,0.09479,0.090922,0.3392,0.73244,0.62056,0.76691,0.64656,0.029961,0.52298,0.96412,0.78685,0.91895,0.84471,0.83464,0.78474,0.016799,0.13779,0.47109,0.86636,0.082748,0.061226,0.14537,0.16467,0.092692,0.31047,0.67366,0.23301,0.77431,0.071233,0.71439,0.32617,0.46129,0.89608,0.23258,0.47496,0.16194,0.38913,0.14878,0.0099007,0.25823,0.40518,0.055972,0.038104,0.59363,0.82392,0.16656,0.82134,0.3585,0.40581,0.7333,0.5165,0.73762,0.69703,0.75165
0.88202,0.76422,0.95696,0.43807,0.5702,0.84619,0.24493,0.95762,0.25045,0.024661,0.12532,0.54932,0.02208,0.65241,0.31075,0.17194,0.32871,0.01868,0.18206,0.63169,0.23773,0.78655,0.66872,0.60892,0.8593,0.48797,0.033297,0.74716,0.13646,0.47739,0.79998,0.76425,0.62778,0.421,0.26307,0.48787,0.24422,0.096117,0.4,0.5316,0.58006,0.36704,0.79597,0.88226,0.66196,0.41849,0.8665,0.98089,0.23712,0.076349,0.051207,0.38635,0.82315,0.31468,0.55081,0.53617,0.41319,0.17523,0.97143,0.29894,0.5685,0.78841,0.86128,0.22457,0.41717,0.18247,0.31385,0.48005,0.40138,0.49313,0.36499,0.13955,0.51412,0.84569,0.34116,0.48007,0.17657,0.48782,0.055576,0.44513,0.63981,0.52952,0.27397,0.7922,0.58624,0.95647,0.3945,0.66645,0.72579,0.97948,0.44579,0.77405,0.068696,0.028771,0.23088,0.096369,0.10654,0.66776,0.67874,0.54905,0.19645,0.029988,0.23177,0.096352,0.056807,0.88484,0.72027,0.69133,0.16483,0.089827,0.41994,0.34494,0.18064,0.96588,0.71544,0.1649,0.9503
0.044535,0.83958,0.19069,0.02003,0.68019,0.78039,0.61277,0.75544,0.23384,0.85167,0.36485,0.63976,0.61713,0.68339,0.18926,0.74811,0.080242,0.71803,0.48669,0.092745,0.26662,0.99912,0.054509,0.9225,0.032768,0.84233,0.73488,0.047501,0.4857,0.98516,0.75354,0.85564,0.20314,0.54771,0.42789,0.71614,0.33466,0.29502,0.446,0.30854,0.98689,0.39104,0.087881,0.87361,0.98433,0.68716,0.78318,0.072037,0.71936,0.16073,0.37528,0.1204,0.096147,0.73487,0.9403,0.68757,0.40106,0.47905,0.64719,0.27053,0.19339,0.061873,0.81898,0.95435,0.86674,0.79604,0.66054,0.56502,0.88516,0.83019,0.49297,0.18107,0.29189,0.31316,0.020955,0.75079,0.4799,0.16872,0.24904,0.78918,0.16983,0.88236,0.28473,0.0064678,0.07636,0.52048,0.019721,0.57731,0.65734,0.87904,0.59916,0.39059,0.46071,0.16464,0.83866,0.089891,0.42653,0.74332,0.87783,0.60101,0.57503,0.5805,0.089286,0.54982,0.97689,0.98512,0.8987,0.58284,0.35911,0.26576,0.19515,0.29759,0.13651,0.22658,0.1729,0.99948,0.25026
0.52415,0.53597,0.011659,0.25002,0.89607,0.48099,0.27411,0.95762,0.23328,0.18146,0.36228,0.26031,0.031862,0.49203,0.17197,0.77176,0.74499,0.17582,0.25265,0.17332,0.47306,0.97671,0.43621,0.67118,0.8246,0.79365,0.31738,0.18955,0.56715,0.43558,0.94433,0.39352,0.65748,0.11596,0.57972,0.079384,0.69779,0.81796,0.27544,0.40684,0.76129,0.16458,0.41421,0.61206,0.096016,0.45857,0.62012,0.9826,0.44657,0.55224,0.18359,0.61013,0.040922,0.22027,0.57116,0.92696,0.88155,0.21077,0.34696,0.16404,0.80548,0.32578,0.39043,0.080823,0.068831,0.87091,0.017041,0.4149,0.73633,0.5903,0.99247,0.061687,0.71969,0.92768,0.29482,0.30298,0.6622,0.95858,0.51878,0.82411,0.45182,0.29729,0.10948,0.202,0.24761,0.76992,0.34189,0.87485,0.9546,0.6162,0.015349,0.053037,0.35164,0.41892,0.27821,0.10838,0.37152,0.34766,0.25329,0.43544,0.78414,0.36921,0.19945,0.35561,0.80412,0.28214,0.20404,0.25725,0.90392,0.15445,0.29876,0.71402,0.65562,0.69243,0.19605,0.31014,0.26306
0.1057,0.047214,0.73394,0.54245,0.37309,0.38977,0.38355,0.2761,0.040217,0.34753,0.75255,0.50388,0.88864,0.025439,0.0059306,0.47891,0.71208,0.36846,0.07329,0.28818,0.97882,0.48341,0.83721,0.021055,0.96199,0.271,0.28465,0.91755,0.59198,0.01313,0.75387,0.20082,0.4071,0.98495,0.7721,0.4317,0.82396,0.92554,0.88248,0.45379,0.28588,0.46728,0.58002,0.47608,0.73875,0.59357,0.045152,0.11781,0.46942,0.80316,0.76666,0.42756,0.19262,0.39052,0.47255,0.88237,0.33027,0.53959,0.29779,0.86661,0.25484,0.24151,0.21963,0.061643,0.095215,0.91767,0.35771,0.21201,0.38833,0.27818,0.1059,0.58272,0.92734,0.59182,0.36167,0.26565,0.076138,0.56903,0.85189,0.44718,0.36728,0.75603,0.17463,0.14153,0.024001,0.10467,0.66351,0.75925,0.01457,0.079646,0.72456,0.53824,0.47344,0.31072,0.54945,0.97133,0.5534,0.89544,0.63717,0.83148,0.60313,0.83422,0.029708,0.29301,0.61963,0.68933,0.63931,0.84159,0.09296,0.98888,0.67624,0.25099,0.73223,0.39667,0.84715,0.46941,0.78539
0.95958,0.25399,0.64596,0.91511,0.70546,0.41403,0.41458,0.67392,0.52898,0.93919,0.84439,0.077563,0.29268,0.068594,0.96482,0.83001,0.43895,0.83954,0.59151,0.56396,0.0052367,0.12036,0.36381,0.56828,0.57413,0.83831,0.08401,0.018502,0.39342,0.33358,0.80504,0.23731,0.84674,0.39074,0.30574,0.72729,0.27572,0.74121,0.25724,0.90376,0.24746,0.4275,0.90734,0.036653,0.43789,0.27818,0.99712,0.26002,0.29739,0.06273,0.012559,0.75743,0.67286,0.17558,0.35811,0.64457,0.52791,0.099159,0.89063,0.080281,0.91507,0.80187,0.62304,0.94604,0.42584,0.26027,0.56453,0.10474,0.8303,0.7989,0.94302,0.065261,0.50015,0.5298,0.78711,0.24737,0.30309,0.99006,0.59798,0.86984,0.91819,0.91274,0.39583,0.22257,0.012304,0.063264,0.954,0.29822,0.39037,0.78625,0.26322,0.51845,0.96116,0.31434,0.64678,0.50286,0.13317,0.02827,0.55618,0.53632,0.15385,0.49685,0.051966,0.37891,0.26692,0.34731,0.044489,0.34648,0.98684,0.62117,0.6582,0.44146,0.53176,0.44929,0.88889,0.43047,0.79426
0.84919,0.1333,0.16891,0.023104,0.75848,0.86367,0.21831,0.87187,0.35526,0.25873,0.27339,0.22591,0.049835,0.75968,0.12369,0.56633,0.20926,0.83879,0.82862,0.24482,0.75052,0.4168,0.74268,0.82951,0.12957,0.4452,0.20097,0.7485,0.85202,0.27209,0.11791,0.0018162,0.76498,0.50443,0.1343,0.34394,0.46693,0.56953,0.32554,0.26865,0.97352,0.52966,0.010267,0.14007,0.88474,0.87469,0.094627,0.60997,0.41371,0.32896,0.8025,0.028347,0.61468,0.84702,0.455,0.84329,0.14176,0.45215,0.5814,0.91373,0.89,0.056175,0.90029,0.70701,0.17381,0.97571,0.69512,0.44118,0.7367,0.16715,0.27091,0.38799,0.63068,0.21977,0.11405,0.13697,0.17338,0.05732,0.47584,0.20616,0.5676,0.24387,0.35137,0.33955,0.73128,0.12543,0.16517,0.4538,0.94405,0.94729,0.27079,0.20365,0.74186,0.080299,0.044159,0.92259,0.21646,0.67631,0.07853,0.29193,0.27969,0.97525,0.82416,0.56253,0.0062391,0.51044,0.99349,0.31991,0.85794,0.44731,0.73301,0.65499,0.45082,0.47518,0.25538,0.33329,0.088346
0.6744,0.63716,0.07481,0.84888,0.24063,0.43968,0.49067,0.068528,0.64448,0.80478,0.90268,0.6866,0.21697,0.041837,0.31406,0.92808,0.88498,0.99356,0.29544,0.81706,0.90605,0.6355,0.044283,0.19484,0.77808,0.40408,0.3856,0.97624,0.0040958,0.42854,0.71758,0.44798,0.9882,0.80361,0.86969,0.71048,0.066509,0.039455,0.124,0.31955,0.027285,0.52046,0.76887,0.84429,0.35389,0.85725,0.74305,0.2836,0.011862,0.73469,0.92842,0.99315,0.50631,0.44226,0.76386,0.4553,0.92709,0.96674,0.15375,0.56553,0.8481,0.91081,0.40935,0.22889,0.61795,0.14017,0.47651,0.64786,0.65081,0.38058,0.38077,0.69286,0.54759,0.2548,0.35242,0.43172,0.36577,0.82832,0.5842,0.14101,0.10102,0.22515,0.3049,0.96696,0.57825,0.99456,0.33301,0.25901,0.82318,0.073802,0.62633,0.056496,0.075403,0.97108,0.93399,0.36223,0.9119,0.1404,0.58258,0.22555,0.25878,0.40114,0.86559,0.74833,0.10345,0.69616,0.049413,0.24495,0.23631,0.11852,0.57753,0.45461,0.61093,0.68522,0.88472,0.2813,0.5825
0.33821,0.56499,0.46466,0.91983,0.51335,0.9704,0.50156,0.50927,0.3239,0.6655,0.035837,0.39536,0.1107,0.63315,0.23541,0.39101,0.94073,0.65579,0.23261,0.069901,0.07293,0.54296,0.050382,0.22523,0.97787,0.40171,0.40885,0.081843,0.63518,0.69439,0.053542,0.083981,0.84514,0.9642,0.89275,0.48091,0.33382,0.80203,0.018385,0.64834,0.44733,0.34497,0.63283,0.021113,0.49692,0.60026,0.34248,0.29643,0.82555,0.72155,0.83361,0.29742,0.7348,0.81083,0.90625,0.30394,0.73291,0.72259,0.012394,0.81967,0.30581,0.54874,0.61276,0.082835,0.17333,0.13867,0.76453,0.60821,0.25593,0.0044539,0.65454,0.97091,0.71123,0.55538,0.1753,0.90229,0.59324,0.77945,0.99624,0.11219,0.5651,0.58424,0.0091246,0.40011,0.53068,0.76392,0.026117,0.99797,0.80277,0.11982,0.5691,0.2677,0.51713,0.51314,0.1667,0.022602,0.7706,0.53217,0.56492,0.50403,0.89297,0.54385,0.45679,0.63327,0.11018,0.33625,0.59849,0.34902,0.95244,0.4547,0.58109,0.18855,0.67198,0.30506,0.25759,0.6375,0.3808
0.066755,0.39251,0.013957,0.65413,0.25459,0.70582,0.25468,0.23088,0.84843,0.69048,0.46642,0.58779,0.60128,0.91121,0.34779,0.36454,0.24746,0.29776,0.052234,0.90475,0.66039,0.49255,0.42555,0.54113,0.58358,0.87787,0.013031,0.83973,0.69549,0.71029,0.9399,0.91705,0.91034,0.56915,0.9199,0.018502,0.76814,0.45285,0.16852,0.78952,0.68654,0.35926,0.75684,0.20867,0.29247,0.32128,0.060904,0.82788,0.30619,0.23238,0.091698,0.14494,0.6493,0.36173,0.52761,0.22579,0.86346,0.50467,0.96395,0.80176,0.26559,0.025038,0.98801,0.83349,0.73574,0.46651,0.72631,0.94958,0.33244,0.45288,0.1617,0.37054,0.68517,0.49778,0.82086,0.39738,0.98292,0.72358,0.10267,0.61155,0.32525,0.52109,0.79333,0.55842,0.39078,0.0095085,0.82501,0.10715,0.82632,0.69942,0.13526,0.91927,0.28063,0.19677,0.36203,0.83816,0.44235,0.62853,0.91644,0.97159,0.0015155,0.70709,0.21973,0.80696,0.60875,0.42528,0.29646,0.17473,0.79934,0.65847,0.61698,0.62171,0.43943,0.3638,0.43733,0.4843,0.79509
0.48736,0.2754,0.79325,0.9651,0.022526,0.87891,0.43818,0.79743,0.40038,0.97373,0.59361,0.41047,0.18749,0.7177,0.22835,0.10479,0.60255,0.038571,0.10388,0.73194,0.41139,0.45233,0.83274,0.11387,0.80297,0.46461,0.91587,0.96297,0.89647,0.044817,0.19258,0.43919,0.48273,0.11147,0.3655,0.18855,0.3845,0.93288,0.20969,0.88569,0.44514,0.66258,0.71893,0.65474,0.9692,0.16837,0.23978,0.6411,0.28247,0.56191,0.75319,0.96411,0.75147,0.9833,0.30493,0.70096,0.98184,0.14954,0.51395,0.78473,0.023363,0.84077,0.68537,0.24483,0.98219,0.62849,0.35893,0.043229,0.52772,0.99,0.10929,0.93637,0.13942,0.09357,0.86449,0.8646,0.26026,0.37228,0.24198,0.36155,0.80999,0.50978,0.59296,0.035318,0.14448,0.88258,0.31797,0.39418,0.075484,0.16084,0.89091,0.8423,0.41754,0.23265,0.27584,0.84504,0.77718,0.045106,0.12859,0.46093,0.37333,0.58862,0.074019,0.42455,0.17766,0.66963,0.010636,0.78365,0.40246,0.91964,0.26746,0.46698,0.46952,0.47261,0.90097,0.44628,0.85153
0.2261,0.48855,0.63946,0.9497,0.8705,0.15379,0.13606,0.34125,0.21271,0.6118,0.65392,0.19998,0.83277,0.81005,0.8182,0.11959,0.63595,0.56122,0.75298,0.19997,0.0061797,0.60879,0.43567,0.67827,0.24775,0.81534,0.9529,0.22269,0.63854,0.14095,0.36608,0.37776,0.4763,0.73097,0.34071,0.44131,0.64628,0.80752,0.83105,0.036085,0.69142,0.96705,0.67916,0.16201,0.78339,0.7708,0.59418,0.19113,0.55777,0.81244,0.47403,0.50158,0.71993,0.35224,0.51199,0.68583,0.13924,0.37383,0.87946,0.97825,0.53503,0.45017,0.11435,0.097657,0.012854,0.35965,0.31059,0.76211,0.27192,0.12781,0.9488,0.9026,0.72305,0.41136,0.91052,0.83436,0.16055,0.7372,0.81332,0.64297,0.71798,0.36747,0.42793,0.7348,0.48348,0.67047,0.52267,0.70469,0.84828,0.96211,0.582,0.51758,0.89955,0.66818,0.67245,0.65356,0.86094,0.15341,0.43365,0.18234,0.11649,0.51127,0.4311,0.38107,0.54283,0.57277,0.78916,0.079213,0.18873,0.072805,0.62803,0.34867,0.95235,0.48041,0.53309,0.24032,0.68182
0.94176,0.57876,0.23274,0.75546,0.66315,0.31003,0.67283,0.031037,0.61899,0.19725,0.63741,0.27905,0.43176,0.9683,0.38464,0.25737,0.050454,0.68111,0.72508,0.66824,0.60621,0.3864,0.92552,0.12367,0.0081891,0.54189,0.33575,0.059199,0.69362,0.72963,0.5145,0.6872,0.36252,0.83066,0.92088,0.90625,0.29527,0.9464,0.52581,0.70234,0.14849,0.41328,0.49517,0.81344,0.48809,0.027439,0.19448,0.57964,0.74588,0.11462,0.28549,0.97772,0.066478,0.066108,0.91653,0.024582,0.87938,0.061623,0.97712,0.79574,0.14166,0.52246,0.44916,0.18888,0.7009,0.93458,0.69592,0.67909,0.35397,0.21036,0.79337,0.26309,0.6106,0.66714,0.72266,0.57336,0.62294,0.084205,0.72582,0.032466,0.8233,0.60336,0.64802,0.18618,0.74548,0.81817,0.47611,0.23366,0.1993,0.66454,0.24329,0.75721,0.66621,0.64624,0.016866,0.58635,0.37728,0.52902,0.52759,0.30199,0.040203,0.94368,0.73485,0.53518,0.57377,0.10782,0.39195,0.37695,0.72314,0.73268,0.65355,0.70466,0.61507,0.97475,0.7631,0.36551,0.78055
0.6632,0.40227,0.33993,0.061344,0.88734,0.83634,0.53861,0.88056,0.3968,0.91583,0.48782,0.75633,0.73227,0.42719,0.78344,0.31727,0.5865,0.84468,0.43083,0.536,0.2174,0.018243,0.14537,0.19068,0.93305,0.777,0.50074,0.50729,0.84763,0.087969,0.87116,0.65351,0.91438,0.92368,0.99711,0.9396,0.42644,0.78796,0.1673,0.7164,0.31211,0.87774,0.74716,0.78485,0.23917,0.2039,0.78458,0.83815,0.95258,0.8935,0.42831,0.84685,0.93799,0.5131,0.77555,0.65564,0.90927,0.65049,0.13887,0.51391,0.92721,0.72958,0.81057,0.73857,0.065539,0.69679,0.41039,0.90212,0.70186,0.41461,0.84542,0.60115,0.67977,0.23786,0.55315,0.57227,0.31227,0.63942,0.054871,0.57149,0.32791,0.15492,0.8945,0.66533,0.82398,0.46985,0.77994,0.6608,0.12972,0.43118,0.84306,0.99816,0.096916,0.99898,0.07515,0.76665,0.18409,0.69237,0.68747,0.97809,0.24624,0.64473,0.017018,0.87856,0.23308,0.77932,0.033887,0.83637,0.022093,0.71821,0.85027,0.10321,0.69631,0.77592,0.13118,0.16396,0.39328
0.38546,0.38157,0.26974,0.63485,0.93961,0.2908,0.57705,0.74626,0.23302,0.61767,0.56635,0.46371,0.18939,0.79378,0.37272,0.43722,0.59083,0.96564,0.12053,0.14697,0.18635,0.45868,0.48411,0.41494,0.38608,0.14962,0.059928,0.96513,0.54897,0.81106,0.03363,0.26491,0.060007,0.45017,0.95921,0.56331,0.60515,0.86323,0.69034,0.10738,0.12579,0.25211,0.77617,0.37914,0.5913,0.24012,0.84585,0.15059,0.79629,0.86684,0.42307,0.99686,0.22564,0.83196,0.75937,0.87677,0.2894,0.50125,0.17651,0.18996,0.32827,0.089856,0.053252,0.59153,0.43225,0.69981,0.94814,0.75119,0.96303,0.82465,0.08173,0.58187,0.52815,0.20528,0.39258,0.35658,0.80264,0.1577,0.76285,0.80343,0.28502,0.42433,0.25436,0.53692,0.47991,0.86733,0.45412,0.035639,0.27856,0.69892,0.1036,0.61929,0.04769,0.62128,0.096638,0.78249,0.61576,0.98345,0.61385,0.76228,0.21852,0.21409,0.54052,0.049935,0.25314,0.44128,0.11943,0.88662,0.0095974,0.57444,0.0068261,0.19008,0.74115,0.16113,0.9345,0.95482,0.74698
0.22548,0.097582,0.2585,0.44365,0.43429,0.82953,0.24404,0.39531,0.21458,0.15912,0.793,0.6337,0.19854,0.8044,0.41859,0.23958,0.38281,0.93769,0.40025,0.42809,0.03173,0.18072,0.062595,0.79384,0.5908,0.57296,0.071818,0.33482,0.57094,0.68827,0.50237,0.5678,0.99282,0.83811,0.10106,0.6113,0.92553,0.97524,0.21077,0.23465,0.65845,0.98328,0.21751,0.077073,0.98503,0.43767,0.27848,0.77968,0.11694,0.60093,0.47226,0.65726,0.71973,0.71311,0.80573,0.92691,0.5627,0.16438,0.14394,0.21353,0.062873,0.038269,0.62239,0.74431,0.86398,0.84909,0.0746,0.23813,0.73386,0.93302,0.59439,0.86713,0.036712,0.6692,0.58944,0.8786,0.68165,0.32164,0.2863,0.42545,0.9433,0.49584,0.39391,0.7799,0.019745,0.34368,0.63148,0.91387,0.30103,0.94775,0.51538,0.48018,0.83899,0.40511,0.88256,0.9768,0.81702,0.05582,0.68168,0.43263,0.26375,0.82481,0.020871,0.35175,0.16307,0.1744,0.061565,0.47617,0.35254,0.053179,0.66138,0.17159,0.44244,0.98075,0.5026,0.80615,0.53533
0.41071,0.54703,0.46135,0.54791,0.52967,0.8892,0.47874,0.97849,0.018187,0.35661,0.83752,0.24881,0.24836,0.0079695,0.70876,0.85588,0.90011,0.61203,0.49299,0.93219,0.60774,0.70949,0.60139,0.90852,0.48872,0.99331,0.093797,0.32773,0.60633,0.034108,0.24656,0.66539,0.3823,0.64717,0.37312,0.89129,0.98689,0.41925,0.61426,0.55678,0.85544,0.65211,0.60747,0.71809,0.59647,0.13963,0.50424,0.67497,0.52628,0.78388,0.5908,0.45002,0.86999,0.21903,0.80032,0.76535,0.46363,0.40379,0.25247,0.22499,0.9398,0.34512,0.9132,0.63578,0.93245,0.26533,0.19167,0.88171,0.2214,0.28892,0.054375,0.4424,0.84699,0.82397,0.34425,0.33028,0.018383,0.41262,0.50369,0.82652,0.43124,0.016605,0.53996,0.43763,0.23505,0.55972,0.8205,0.80794,0.88407,0.22727,0.44344,0.25722,0.48723,0.91905,0.083049,0.37828,0.43045,0.96796,0.82571,0.15375,0.9771,0.36323,0.17909,0.39882,0.21102,0.56509,0.85216,0.49697,0.9166,0.7488,0.96712,0.88658,0.44704,0.18337,0.74633,0.45675,0.81475
0.9017,0.31469,0.2035,0.28408,0.3164,0.13836,0.15716,0.7876,0.2952,0.61715,0.72221,0.653,0.012094,0.48261,0.98991,0.30129,0.68197,0.91768,0.49321,0.18871,0.69376,0.29974,0.98498,0.39012,0.22519,0.65586,0.87366,0.29412,0.6726,0.41774,0.77296,0.73921,0.38187,0.3497,0.61326,0.50598,0.77054,0.01722,0.58567,0.36067,0.56789,0.21582,0.77773,0.43917,0.3958,0.41827,0.077313,0.4098,0.94211,0.68697,0.5677,0.23,0.20278,0.9669,0.5402,0.24129,0.93804,0.74335,0.17667,0.99575,0.61999,0.99782,0.042905,0.90717,0.80586,0.19698,0.61928,0.16476,0.88305,0.28142,0.45546,0.91074,0.47145,0.10226,0.44573,0.39367,0.89411,0.22321,0.20074,0.34485,0.33384,0.28402,0.88673,0.74889,0.93149,0.6806,0.42933,0.90184,0.61071,0.048861,0.61853,0.11173,0.95001,0.94993,0.02206,0.13116,0.5099,0.76639,0.50797,0.34005,0.4041,0.78236,0.01287,0.35865,0.5131,0.9281,0.33603,0.61202,0.53471,0.52445,0.45646,0.1118,0.22237,0.58803,0.2154,0.14885,0.13577
0.47759,0.12151,0.99704,0.45335,0.69465,0.70172,0.1197,0.28082,0.75066,0.099943,0.22388,0.46979,0.44468,0.017171,0.68224,0.21078,0.84195,0.74536,0.32302,0.20772,0.29821,0.02192,0.083744,0.034293,0.6936,0.70991,0.72528,0.91007,0.33828,0.79116,0.64873,0.025938,0.61552,0.85496,0.7595,0.21508,0.55019,0.20282,0.047942,0.50675,0.81533,0.21611,0.48635,0.94059,0.64783,0.2006,0.55165,0.4757,0.6343,0.78009,0.34314,0.22457,0.3176,0.82427,0.33471,0.998,0.025269,0.40701,0.20505,0.89977,0.12413,0.91649,0.21125,0.018887,0.76586,0.12175,0.21158,0.83064,0.18805,0.41042,0.84573,0.2045,0.22456,0.0055141,0.32812,0.61656,0.48766,0.040269,0.81893,0.075885,0.23435,0.69045,0.25294,0.11989,0.27953,0.78104,0.74859,0.022519,0.90289,0.034739,0.86259,0.30917,0.10904,0.65359,0.60782,0.11218,0.72515,0.59855,0.14932,0.36696,0.60895,0.20282,0.43439,0.41168,0.46041,0.95011,0.72713,0.36911,0.92153,0.056595,0.24803,0.52184,0.69265,0.54266,0.17527,0.32205,0.85926
0.22552,0.97038,0.34272,0.51305,0.9561,0.15585,0.79091,0.026118,0.38294,0.85596,0.079478,0.46102,0.55208,0.73742,0.85792,0.88192,0.8707,0.44866,0.16885,0.58318,0.40444,0.12459,0.78598,0.88885,0.76163,0.5694,0.45427,0.092637,0.21299,0.31738,0.12795,0.46481,0.29967,0.68735,0.62896,0.70233,0.38659,0.90732,0.42868,0.10563,0.3212,0.11833,0.94386,0.54566,0.95604,0.78604,0.86203,0.59593,0.83771,0.61238,0.41575,0.93648,0.29764,0.27524,0.041671,0.31767,0.84406,0.8273,0.25489,0.84841,0.25882,0.06511,0.84006,0.74763,0.33072,0.50664,0.56573,0.0098742,0.87573,0.81999,0.19483,0.4976,0.027393,0.095006,0.95359,0.78748,0.17001,0.92531,0.99466,0.45535,0.6573,0.92692,0.78996,0.62986,0.70068,0.50494,0.55616,0.89569,0.6509,0.39522,0.7972,0.11391,0.58629,0.71805,0.65313,0.98067,0.1435,0.61195,0.90388,0.12975,0.38279,0.037235,0.064109,0.60976,0.014059,0.2852,0.35176,0.74029,0.19671,0.67753,0.13711,0.49723,0.83159,0.032367,0.70982,0.1853,0.56681
0.25601,0.82812,0.87491,0.21939,0.67978,0.1033,0.39717,0.91483,0.37222,0.12415,0.64955,0.40984,0.42257,0.29255,0.47846,0.43983,0.51181,0.10098,0.95104,0.27811,0.011335,0.50458,0.99921,0.81775,0.33318,0.94155,0.57352,0.29961,0.34483,0.081595,0.27821,0.13339,0.63715,0.89831,0.91242,0.80662,0.070728,0.20749,0.8528,0.34589,0.54437,0.16435,0.57409,0.68573,0.12003,0.44485,0.075987,0.8893,0.39771,0.16719,0.96594,0.58212,0.039916,0.54459,0.095072,0.53912,0.021131,0.93029,0.46899,0.519,0.57814,0.20114,0.64195,0.08041,0.93706,0.0077745,0.96448,0.029727,0.20664,0.48421,0.049968,0.050456,0.10265,0.26326,0.97528,0.39716,0.69921,0.43703,0.82179,0.068694,0.81435,0.44747,0.9257,0.29957,0.42005,0.83872,0.63634,0.86491,0.30236,0.54007,0.29764,0.4722,0.25884,0.78503,0.045857,0.096636,0.49943,0.19483,0.9584,0.20522,0.075567,0.35193,0.70795,0.77201,0.63797,0.22569,0.11552,0.94112,0.1983,0.049913,0.55714,0.83798,0.57195,0.027005,0.91923,0.44312,0.082667
0.66661,0.80689,0.95141,0.79692,0.81385,0.95756,0.49785,0.62792,0.012437,0.51959,0.70101,0.75735,0.66715,0.043179,0.047341,0.58173,0.091542,0.38204,0.53283,0.77936,0.51417,0.94643,0.62898,0.70365,0.64239,0.18112,0.060414,0.38503,0.081408,0.21891,0.9054,0.74912,0.84264,0.10958,0.033649,0.67112,0.79593,0.61248,0.42204,0.60335,0.95234,0.36757,0.032139,0.19375,0.90258,0.77503,0.7427,0.53387,0.35148,0.7251,0.79169,0.67384,0.84756,0.6066,0.15746,0.98488,0.50423,0.53435,0.7048,0.018406,0.98778,0.18147,0.0085143,0.17877,0.18591,0.23012,0.40163,0.37141,0.51641,0.47143,0.77107,0.72661,0.083588,0.37043,0.36322,0.17871,0.63195,0.61193,0.58313,0.4074,0.37543,0.75444,0.34301,0.93296,0.28136,0.80497,0.40713,0.37331,0.4333,0.28396,0.25206,0.70178,0.39269,0.26477,0.18324,0.60228,0.2305,0.39931,0.51285,0.52312,0.58014,0.96237,0.60287,0.39028,0.15056,0.54264,0.49166,0.88252,0.17042,0.61784,0.32074,0.5322,0.89668,0.76992,0.050593,0.50745,0.49318
0.84221,0.045921,0.12997,0.1747,0.89371,0.01185,0.32053,0.43721,0.33215,0.19703,0.51998,0.099367,0.28186,0.61705,0.56613,0.93551,0.7633,0.16243,0.73937,0.23382,0.64503,0.75948,0.42936,0.98605,0.63512,0.53544,0.079982,0.45551,0.12511,0.14606,0.92884,0.75821,0.91843,0.69686,0.85233,0.52985,0.013355,0.85883,0.23509,0.6722,0.95081,0.0032192,0.71515,0.6841,0.56605,0.70955,0.89423,0.11615,0.20493,0.19606,0.99491,0.70398,0.075121,0.22351,0.89084,0.23127,0.15944,0.42836,0.25266,0.057802,0.88872,0.94768,0.025501,0.77078,0.04896,0.02769,0.78516,0.6293,0.14749,0.34017,0.30787,0.7843,0.68219,0.90309,0.21306,0.98485,0.86681,0.74091,0.8955,0.91972,0.9517,0.57927,0.21064,0.69964,0.27321,0.88605,0.97298,0.47448,0.58401,0.87006,0.013639,0.9323,0.95156,0.51738,0.73331,0.82814,0.19488,0.12687,0.68264,0.72083,0.63826,0.22454,0.80262,0.50945,0.056498,0.29129,0.72088,0.33759,0.36781,0.057462,0.86567,0.22454,0.33981,0.21904,0.7412,0.24009,0.97137
0.78575,0.47404,0.42448,0.68575,0.87494,0.20415,0.37686,0.031434,0.081872,0.11477,0.8507,0.88572,0.8901,0.60086,0.23302,0.1676,0.56876,0.3523,0.5098,0.13547,0.82783,0.6049,0.92786,0.77949,0.087561,0.81409,0.41724,0.10738,0.86558,0.7375,0.52479,0.24727,0.3991,0.20597,0.0082747,0.91308,0.48178,0.21942,0.65176,0.44962,0.046249,0.81772,0.69118,0.9879,0.24502,0.88894,0.87522,0.013535,0.94791,0.60512,0.023732,0.65963,0.2883,0.60173,0.49694,0.33248,0.32308,0.19934,0.31246,0.0020935,0.7579,0.14915,0.15851,0.95618,0.93627,0.24459,0.4321,0.49472,0.95741,0.62565,0.73546,0.17344,0.54842,0.027637,0.60191,0.77421,0.9425,0.58023,0.71958,0.3857,0.66842,0.12195,0.37883,0.41872,0.93535,0.19061,0.46572,0.72063,0.8991,0.40677,0.28434,0.93409,0.72739,0.75256,0.36017,0.056023,0.42668,0.25542,0.86959,0.46989,0.95639,0.17352,0.32084,0.037889,0.0051794,0.81609,0.1883,0.40726,0.15174,0.54838,0.71703,0.025388,0.47028,0.27062,0.81214,0.76372,0.036467
0.53859,0.65929,0.2173,0.83984,0.069989,0.16802,0.39857,0.10388,0.45349,0.38617,0.92797,0.77723,0.81622,0.9578,0.78118,0.9232,0.51761,0.65614,0.87374,0.7707,0.42005,0.69668,0.36242,0.94918,0.27321,0.79622,0.69605,0.63605,0.82409,0.69344,0.026448,0.96299,0.39091,0.78221,0.043798,0.30297,0.060379,0.052742,0.070651,0.55353,0.72785,0.45804,0.88266,0.076444,0.40852,0.92561,0.54957,0.44818,0.85946,0.86281,0.050382,0.98358,0.041223,0.84096,0.30697,0.063531,0.41706,0.59061,0.35042,0.47261,0.078561,0.089187,0.0015243,0.45155,0.53833,0.62304,0.73944,0.078878,0.88616,0.057756,0.10524,0.73688,0.53224,0.99987,0.9046,0.53678,0.17305,0.51317,0.66334,0.043739,0.32063,0.7549,0.28465,0.3202,0.308,0.073893,0.23146,0.14592,0.13845,0.82916,0.3886,0.49644,0.80817,0.84082,0.26989,0.20047,0.40316,0.221,0.25595,0.9482,0.77447,0.67099,0.9224,0.5838,0.012048,0.7428,0.28588,0.18493,0.93284,0.56998,0.016392,0.53322,0.19406,0.26049,0.22266,0.94303,0.83979
0.90557,0.6627,0.31781,0.90227,0.76823,0.88912,0.72773,0.83379,0.31857,0.95966,0.078377,0.37864,0.73989,0.34333,0.14373,0.17085,0.95393,0.40558,0.59255,0.0018574,0.54866,0.95731,0.8696,0.011724,0.12141,0.76637,0.36555,0.30801,0.06618,0.77217,0.21085,0.24778,0.10758,0.54955,0.20003,0.30578,0.048877,0.56714,0.14825,0.48378,0.26048,0.19394,0.19138,0.5143,0.040512,0.39012,0.74853,0.87881,0.4428,0.2051,0.487,0.27284,0.89712,0.4578,0.67471,0.80263,0.83045,0.44907,0.62713,0.16789,0.22058,0.093599,0.16468,0.63792,0.95274,0.85522,0.11737,0.76826,0.44943,0.82773,0.17127,0.30182,0.21356,0.36602,0.8567,0.3541,0.35912,0.58027,0.16728,0.66418,0.036157,0.38852,0.67987,0.2463,0.097416,0.53868,0.11874,0.41076,0.78271,0.98111,0.87969,0.27895,0.4289,0.034602,0.74402,0.59932,0.74713,0.40324,0.75076,0.098303,0.71593,0.012518,0.22155,0.22294,0.26999,0.97782,0.86612,0.42833,0.53286,0.046364,0.63145,0.63651,0.66923,0.16718,0.682,0.39716,0.79156
0.28786,0.82707,0.0062595,0.083579,0.46442,0.30595,0.47659,0.46189,0.92349,0.53925,0.37479,0.3695,0.7605,0.66348,0.55511,0.93736,0.73745,0.77878,0.5839,0.89177,0.27341,0.94334,0.25296,0.10261,0.80096,0.096957,0.43225,0.87729,0.57076,0.86092,0.46317,0.88389,0.46569,0.19032,0.82794,0.5196,0.38792,0.77058,0.01398,0.019695,0.94129,0.79515,0.90524,0.065021,0.050278,0.59749,0.080768,0.87807,0.18385,0.47471,0.78746,0.095618,0.19873,0.55256,0.69135,0.53897,0.8283,0.081022,0.060705,0.77117,0.29625,0.4274,0.99477,0.85135,0.38818,0.55299,0.49836,0.45777,0.73913,0.46691,0.019374,0.31892,0.57177,0.76595,0.081742,0.54159,0.059708,0.53798,0.39327,0.48386,0.75901,0.96009,0.13233,0.21324,0.10439,0.69964,0.68753,0.73785,0.045478,0.11435,0.80983,0.29387,0.50441,0.80471,0.67065,0.68109,0.57983,0.51815,0.96769,0.87615,0.90364,0.75478,0.1649,0.30394,0.71883,0.55773,0.82593,0.32791,0.5184,0.61208,0.40013,0.48036,0.26505,0.0011687,0.13717,0.657,0.33142
0.61186,0.59984,0.59214,0.63997,0.95382,0.91347,0.65224,0.6939,0.5526,0.68552,0.17598,0.43384,0.44036,0.021107,0.40273,0.24003,0.41481,0.1078,0.98972,0.091308,0.65454,0.28418,0.28686,0.22166,0.67258,0.84024,0.31119,0.80266,0.40964,0.28423,0.82046,0.47304,0.60621,0.10967,0.36847,0.37985,0.53139,0.76164,0.43378,0.26092,0.62448,0.33879,0.067678,0.67761,0.73894,0.30272,0.2738,0.05155,0.58307,0.86572,0.21695,0.60677,0.92619,0.68167,0.023326,0.21969,0.19239,0.36077,0.75415,0.00039943,0.56418,0.21056,0.47964,0.19564,0.80074,0.44355,0.32174,0.20854,0.19603,0.34425,0.9947,0.85886,0.98748,0.40417,0.21565,0.11796,0.45701,0.17136,0.54012,0.77195,0.95106,0.054249,0.14904,0.51432,0.32318,0.014621,0.42416,0.46866,0.34435,0.9239,0.98702,0.72326,0.82192,0.030254,0.28893,0.72601,0.93536,0.90217,0.6924,0.19293,0.57568,0.18213,0.39139,0.99632,0.77004,0.98921,0.89532,0.57587,0.38197,0.58659,0.26323,0.61706,0.2602,0.76035,0.20884,0.31614,0.75781
0.40127,0.55142,0.50649,0.46505,0.47113,0.99315,0.60919,0.81364,0.30491,0.92661,0.11803,0.7673,0.59046,0.30139,0.50203,0.49511,0.92091,0.9516,0.20236,0.0098324,0.077875,0.21626,0.41626,0.20345,0.18728,0.56606,0.10602,0.80182,0.61,0.58288,0.3319,0.3581,0.47694,0.55361,0.46321,0.41838,0.81483,0.3158,0.85175,0.31166,0.4105,0.096946,0.074779,0.34884,0.67598,0.91911,0.73307,0.77198,0.4784,0.23468,0.29782,0.23545,0.90025,0.30342,0.99275,0.96647,0.028054,0.26043,0.52999,0.33187,0.88309,0.54918,0.4485,0.62792,0.06206,0.25467,0.083711,0.46133,0.96177,0.23623,0.90344,0.19916,0.29104,0.88205,0.091931,0.76819,0.091999,0.89957,0.67153,0.34767,0.53508,0.8721,0.84478,0.65215,0.45673,0.45413,0.0020321,0.66681,0.74486,0.84597,0.91037,0.059898,0.85087,0.53237,0.26619,0.37791,0.30636,0.32513,0.78782,0.29512,0.41488,0.75258,0.46333,0.92984,0.015598,0.42761,0.15821,0.71893,0.54868,0.11946,0.22859,0.65322,0.4258,0.9852,0.13608,0.067902,0.8592
